Date,Type,Name,Withdraw,Deposit
2023-01-09,cibc chequing,Point of Sale - Visa Debit VISA DEBIT RETAIL PURCHASE AMZN Mktp CA 300732197707,25.74,
2023-01-09,cibc chequing,Point of Sale - Visa Debit VISA DEBIT RETAIL PURCHASE DD 300603820070,20.62,
2023-01-09,cibc chequing,Point of Sale - Visa Debit VISA DEBIT RETAIL PURCHASE AMZN Mktp CA 300773795147,19.7,
2023-01-09,cibc chequing,Point of Sale - Visa Debit VISA DEBIT RETAIL PURCHASE AMZN Mktp CA 300774328435,12.31,
2023-01-09,cibc chequing,Point of Sale - Visa Debit VISA DEBIT RETAIL PURCHASE Amazon.ca 300773802477,11.19,
2023-01-09,cibc chequing,Point of Sale - Interac RETAIL PURCHASE 300709128573 SH VENDING80036,3.17,
2023-01-09,cibc chequing,Point of Sale - Visa Debit VISA DEBIT RETAIL PURCHASE SP WHITE-BALMER 300721966804,105.0,
2023-01-09,cibc chequing,Point of Sale - Visa Debit VISA DEBIT RETAIL PURCHASE DOORDASH*MCDONA 300802938073,22.22,
2023-01-09,cibc chequing,Point of Sale - Visa Debit VISA DEBIT RETAIL PURCHASE AMZN Mktp CA 300873058643,33.59,
2023-01-09,cibc chequing,Point of Sale - Visa Debit INTL VISA DEB RETAIL PURCHASE Amazon.ca 300930058962 15.64 CAD @ 1.000000,15.64,
2023-01-09,cibc chequing,Point of Sale - Visa Debit VISA DEBIT RETAIL PURCHASE Adidas CA 300902009350,40.88,
2023-01-10,cibc chequing,Point of Sale - Interac RETAIL PURCHASE 000001001198 CANADIAN TIRE #,14.09,
2023-01-10,cibc chequing,Point of Sale - Interac RETAIL PURCHASE 000001001724 WALMART STORE #,5.91,
2023-01-11,cibc chequing,Point of Sale - Visa Debit VISA DEBIT RETAIL PURCHASE DD 301119016885,23.9,
2023-01-12,td chequing,OPEN ACCOUNT        ,0.0,
2023-01-12,cibc chequing,Point of Sale - Interac RETAIL PURCHASE 073001001091 7-ELEVEN STORE,9.17,
2023-01-12,cibc chequing,Point of Sale - Visa Debit VISA DEBIT RETAIL PURCHASE GAP.COM 4584 301217804101,53.76,
2023-01-12,tdsavings,OPEN ACCOUNT        ,0.0,
2023-01-12,cibc chequing,Point of Sale - Interac RETAIL PURCHASE 000001001123 COINAMATIC - 24,10.0,
2023-01-12,cibc chequing,Point of Sale - Visa Debit VISA DEBIT RETAIL PURCHASE GAP.COM 4584 301202800185,115.34,
2023-01-12,cibc chequing,Point of Sale - Interac RETAIL PURCHASE 000001001124 COINAMATIC - 24,10.0,
2023-01-13,cibc chequing,Point of Sale - Visa Debit VISA DEBIT RETAIL PURCHASE GAP.COM 4584 301300800874,43.08,
2023-01-13,cibc chequing,Point of Sale - Visa Debit VISA DEBIT RETAIL PURCHASE DD 301206927491,21.41,
2023-01-13,cibc chequing,Point of Sale - Interac RETAIL PURCHASE 301319127835 SH VENDING80036,4.67,
2023-01-16,td chequing,TD ATM DEP    002586,,1000.0
2023-01-17,cibc chequing,Point of Sale - Visa Debit INTL VISA DEB RETAIL PURCHASE Amazon.ca 301745731775 15.64 CAD @ 1.000000,15.64,
2023-01-17,cibc chequing,Point of Sale - Visa Debit INTL VISA DEB RETAIL PURCHASE GAP.COM 4584 T23016024765 53.74 CAD @ 1.000000,53.74,
2023-01-17,cibc chequing,Point of Sale - Visa Debit INT VISA DEB PURCHASE REVERSAL GAP.COM 4584 T23016024763 115.34 CAD @ 1.000000,,115.34
2023-01-17,cibc chequing,Point of Sale - Interac RETAIL PURCHASE 000001001330 COINAMATIC - 24,25.0,
2023-01-17,cibc chequing,Point of Sale - Visa Debit INT VISA DEB PURCHASE REVERSAL ADIDAS CA T23016024764 40.88 CAD @ 1.000000,,40.88
2023-01-18,cibc chequing,Point of Sale - Visa Debit INTL VISA DEB RETAIL PURCHASE GAP.COM 4584 T23017048039 61.60 CAD @ 1.000000,61.6,
2023-01-18,cibc credit,"UVIC BOOKSTORE VICTORIA, BC",,16.6
2023-01-19,td chequing,UNIV VIC RES Q9W9Q4 ,3575.84,
2023-01-19,td chequing,NMM TFR 301904149705,,2720.54
2023-01-19,cibc credit,PEARSON NEW ZEALAND 1300473277 75.00 NZD @ .884666,,66.35
2023-01-19,cibc chequing,Point of Sale - Interac RETAIL PURCHASE 000001001707 WALMART STORE #,56.97,
2023-01-23,cibc chequing,Point of Sale - Visa Debit VISA DEBIT RETAIL PURCHASE GAP.COM 4584 302301800364,50.11,
2023-01-23,cibc chequing,Point of Sale - Visa Debit VISA DEBIT RETAIL PURCHASE AMZN Mktp CA 302241518193,61.58,
2023-01-23,cibc chequing,Point of Sale - Interac RETAIL PURCHASE 302115386923 BUTTONS'N BOWS,19.54,
2023-01-23,td chequing,GALA FABRICS        ,47.17,
2023-01-23,td chequing,TD ATM W/D    007789,50.0,
2023-01-24,tdsavings,Transfer to savings,,1.0
2023-01-24,td chequing,Transfer to savings,1.0,
2023-01-26,td chequing,UNI VIC TUIT W2Z2A5 ,5700.93,
2023-01-26,td chequing,NMM TFR 302603795705,,5957.92
2023-01-26,cibc chequing,Point of Sale - Visa Debit VISA DEBIT RETAIL PURCHASE DD 302506682453,23.07,
2023-01-27,cibc credit,"UVIC ATHLETICS VICTORIA, BC",,30.45
2023-01-30,td chequing,WALMART STORE #   _F,49.96,
2023-01-30,cibc chequing,Automated Banking Machine ATM DEPOSIT MAYFAIR SC 1D79,,105.0
2023-01-30,cibc credit,"RW & CO. #2204 VICTORIA, BC",,20.11
2023-01-30,cibc credit,"MOORES CLOTHING 0050 VICTORIA, BC",,67.19
2023-01-30,td chequing,BLUEBIRD CABS     _F,40.23,
2023-01-31,tdsavings,Transfer to savings,,1.0
2023-01-31,cibc chequing,Branch Transaction SERVICE CHARGE DISCOUNT,,16.95
2023-01-31,cibc chequing,Branch Transaction SERVICE CHARGE CAPPED MONTHLY FEE$16.95 RECORD-KEEPING N/A,16.95,
2023-01-31,cibc credit,"DSW #590 VICTORIA, BC",,100.79
2023-01-31,cibc credit,"BATH & BODY WORKS (CANADA VICTORIA, BC",,50.4
2023-01-31,td chequing,Transfer to savings,1.0,
2023-02-01,cibc credit,"REAL CDN WHOLESALE #67 VICTORIA, BC",,17.2
2023-02-02,td chequing,UVIC FOOD SERVE   _F,2.93,
2023-02-03,td chequing,Transfer to savings,0.5,
2023-02-03,tdsavings,Transfer to savings,,0.5
2023-02-03,cibc credit,"WAL-MART SUPERCENTER#3109 VICTORIA, BC",,30.88
2023-02-06,td chequing,MENBOW RAMEN BA   _F,23.18,
2023-02-06,cibc credit,"#5120 SPORT CHEK VICTORIA, BC",,100.75
2023-02-06,cibc chequing,Point of Sale - Interac RETAIL PURCHASE 000001001718 WALMART STORE #,48.84,
2023-02-06,cibc chequing,Point of Sale - Interac RETAIL PURCHASE 303622365042 LONDON DRUGS 29,14.69,
2023-02-06,cibc chequing,Point of Sale - Visa Debit VISA DEBIT RETAIL PURCHASE DOORDASH DASHPA 303704779226,9.99,
2023-02-06,cibc chequing,Point of Sale - Interac RETAIL PURCHASE 000001001510 COINAMATIC - 24,10.0,
2023-02-06,cibc chequing,Point of Sale - Interac RETAIL PURCHASE 303519230038 LONDON DRUGS 14,19.59,
2023-02-07,td chequing,Transfer to savings,0.5,
2023-02-07,tdsavings,Transfer to savings,,0.5
2023-02-07,cibc credit,"BROWNS THE FLORIST - VICT VICTORIA, BC",,22.4
2023-02-09,cibc credit,"SALARMY CEDAR HILL THRIFT VICTORIA, BC",,20.33
2023-02-13,cibc chequing,Point of Sale - Interac RETAIL PURCHASE 125001001097 REAL CDN WHOLES,13.49,
2023-02-13,td chequing,REAL CDN WHOLES   _F,13.49,
2023-02-13,td chequing,BLUEBIRD CABS     _F,38.35,
2023-02-13,td chequing,LONDON DRUGS 29   _F,4.58,
2023-02-13,cibc chequing,Point of Sale - Visa Debit VISA DEBIT RETAIL PURCHASE GAP.COM 4584 304408802935,78.62,
2023-02-14,td chequing,Transfer to savings,1.5,
2023-02-14,tdsavings,Transfer to savings,,1.5
2023-02-17,td chequing,COINAMATIC - 24     ,15.0,
2023-02-17,td chequing,WALMART STORE #   _F,26.85,
2023-02-21,td chequing,Transfer to savings,1.0,
2023-02-21,td chequing,REAL CDN WHOLES   _M,13.49,
2023-02-21,td chequing,REAL CDN WHOLES   _F,22.47,
2023-02-21,td chequing,WAL-MART #1214    _M,17.74,
2023-02-21,tdsavings,Transfer to savings,,1.0
2023-02-22,cibc credit,"CINEPLEX 1129 QPS VICTORIA, BC",,9.98
2023-02-22,td chequing,Transfer to savings,1.5,
2023-02-22,tdsavings,Transfer to savings,,1.5
2023-02-23,td chequing,Ind. Pay. Ser.   PAY,,212.43
2023-02-24,cibc credit,PRE-AUTHORIZED PAYMENT - THANK YOU,399.97,
2023-02-27,cibc credit,"UVIC RESIDENCE SERVICES E VICTORIA, BC",,50.0
2023-02-27,cibc chequing,Electronic Funds Transfer PREAUTHORIZED DEBIT CIBC CARD PRODUCTS DIVISION,399.97,
2023-02-27,td chequing,REAL CDN WHOLES   _M,14.59,
2023-02-27,td chequing,REAL CDN WHOLES   _M,4.19,
2023-02-27,td chequing,REAL CDN WHOLES   _M,8.39,
2023-02-28,td chequing,SEND E-TFR ***ZUT   ,400.0,
2023-02-28,td chequing,NMM TFR 305912831705,,3963.18
2023-02-28,cibc chequing,Branch Transaction SERVICE CHARGE DISCOUNT,,6.95
2023-02-28,cibc chequing,Branch Transaction SERVICE CHARGE ADD TXN$0.00;MONTHLY$6.95 RECORD-KEEPING N/A,6.95,
2023-02-28,tdsavings,Transfer to savings,,1.5
2023-02-28,td chequing,UNI VIC TUIT Q8K3J3 ,3629.48,
2023-02-28,td chequing,Transfer to savings,1.5,
2023-02-28,td chequing,REAL CDN WHOLES   _M,43.43,
2023-02-28,cibc chequing,Branch Transaction OVERDRAFT INTEREST CHARGE,0.45,
2023-02-28,cibc chequing,Branch Transaction OVER LIMIT FEE,5.0,
2023-03-01,tdsavings,Transfer to savings,,0.5
2023-03-01,cibc chequing,Internet Banking E-TRANSFER 104388496915 KELLY OJUKWU,,400.0
2023-03-01,td chequing,Transfer to savings,0.5,
2023-03-01,td chequing,Spotify P2    5.59_V,5.59,
2023-03-02,td chequing,Transfer to savings,0.5,
2023-03-02,tdsavings,Transfer to savings,,0.5
2023-03-03,td chequing,DD                _V,21.56,
2023-03-06,td chequing,COINAMATIC - 24     ,10.25,
2023-03-06,td chequing,Transfer to savings,0.5,
2023-03-06,tdsavings,Transfer to savings,,0.5
2023-03-06,td chequing,REAL CDN WHOLES   _F,8.39,
2023-03-07,tdsavings,Transfer to savings,,1.0
2023-03-07,td chequing,Transfer to savings,1.0,
2023-03-07,td chequing,AMZN Mktp CA      _V,18.16,
2023-03-08,tdsavings,Transfer to savings,,0.5
2023-03-08,td chequing,Transfer to savings,0.5,
2023-03-08,cibc credit,CASHBACK/REMISE EN ARGENT,25.0,
2023-03-09,cibc chequing,Internet Banking E-TRANSFER 104408931397 KELLY OJUKWU,,205.0
2023-03-09,cibc chequing,Internet Banking INTERNET TRANSFER 000000101337,203.46,
2023-03-09,td chequing,Ind. Pay. Ser.   PAY,,552.05
2023-03-09,td chequing,SEND E-TFR ***zrn   ,205.0,
2023-03-10,cibc credit,PAYMENT THANK YOU/PAIEMEN T MERCI,203.46,
2023-03-13,td chequing,COINAMATIC - 24     ,10.25,
2023-03-13,cibc chequing,Point of Sale - Visa Debit VISA DEBIT RETAIL PURCHASE AMZN Mktp CA 307174233543,19.03,
2023-03-13,cibc chequing,Branch Transaction PAY PER USE OVERDRAFT FEE,5.0,
2023-03-13,td chequing,DD                _V,22.5,
2023-03-14,cibc chequing,Internet Banking E-TRANSFER 104419022451 KELLY OJUKWU,,20.0
2023-03-14,tdsavings,Transfer to savings,,1.0
2023-03-14,td chequing,Transfer to savings,1.0,
2023-03-14,td chequing,SEND E-TFR ***KaK   ,20.0,
2023-03-15,td chequing,WALMART STORE #   _F,61.87,
2023-03-16,tdsavings,Transfer to savings,,0.5
2023-03-16,td chequing,Transfer to savings,0.5,
2023-03-20,td chequing,DD                _V,24.74,
2023-03-20,td chequing,SEND E-TFR ***HXs   ,225.0,
2023-03-20,cibc credit,"GAP.COM 4584 800-427-7895, ON",,75.19
2023-03-20,cibc chequing,Internet Banking E-TRANSFER 104428725933 KELLY OJUKWU,,225.0
2023-03-20,cibc chequing,Internet Banking INTERNET TRANSFER 000000200492,203.46,
2023-03-21,cibc credit,PAYMENT THANK YOU/PAIEMEN T MERCI,203.46,
2023-03-21,td chequing,Transfer to savings,0.5,
2023-03-21,tdsavings,Transfer to savings,,0.5
2023-03-21,cibc credit,"BORDERFREE 4740 2122993555, ON",,128.8
2023-03-23,td chequing,Ind. Pay. Ser.   PAY,,85.89
2023-03-24,td chequing,COINAMATIC - 24     ,10.25,
2023-03-27,cibc credit,"DD/DOORDASHWENDYS VANCOUVER, BC",,22.11
2023-03-27,tdsavings,Transfer to savings,,0.5
2023-03-27,td chequing,Transfer to savings,0.5,
2023-03-27,td chequing,REAL CDN WHOLES   _M,21.58,
2023-03-28,td chequing,Transfer to savings,0.5,
2023-03-28,cibc credit,"GAP.COM 4584 800-427-7895, ON",52.03,
2023-03-28,cibc credit,"GAP CANADA 9888 VICTORIA, BC",,23.13
2023-03-28,tdsavings,Transfer to savings,,0.5
2023-03-31,cibc chequing,Branch Transaction SERVICE CHARGE ADD TXN$0.00;MONTHLY$6.95 RECORD-KEEPING N/A,6.95,
2023-03-31,cibc chequing,Branch Transaction OVERDRAFT INTEREST CHARGE,0.01,
2023-03-31,cibc chequing,Branch Transaction SERVICE CHARGE DISCOUNT,,6.95
2023-04-03,cibc credit,"GAP.COM 4584 800-427-7895, ON",,61.26
2023-04-03,td chequing,REAL CDN WHOLES   _M,14.44,
2023-04-03,td chequing,REAL CDN WHOLES   _M,7.13,
2023-04-03,td chequing,Spotify       5.59_V,5.59,
2023-04-03,cibc credit,"UVIC RESIDENCE SERVICES E VICTORIA, BC",,50.0
2023-04-04,cibc credit,"COINAMATIC VICTORIA, BC",,10.25
2023-04-04,tdsavings,Transfer to savings,,1.5
2023-04-04,td chequing,Transfer to savings,1.5,
2023-04-05,td chequing,Amazon Pri    7.49_V,10.44,
2023-04-06,tdsavings,Transfer to savings,,0.5
2023-04-06,td chequing,Ind. Pay. Ser.   PAY,,192.41
2023-04-06,td chequing,Transfer to savings,0.5,
2023-04-10,td chequing,SEND E-TFR ***dg9   ,10.0,
2023-04-10,td chequing,REAL CDN WHOLES   _M,8.97,
2023-04-10,td chequing,REAL CDN WHOLES   _M,13.21,
2023-04-11,tdsavings,Transfer to savings,,1.0
2023-04-11,td chequing,Transfer to savings,1.0,
2023-04-13,cibc chequing,Internet Banking INTERNET TRANSFER 000000218123,90.25,
2023-04-13,td chequing,SEND E-TFR ***Kwn   ,100.0,
2023-04-13,td chequing,SEND E-TFR ***nEa   ,700.0,
2023-04-13,td chequing,SEND E-TFR ***fmH   ,400.0,
2023-04-13,td chequing,AMZN Mktp CA      _V,43.64,
2023-04-13,td chequing,NMM TFR 310302429705,,388.98
2023-04-13,cibc credit,"WENDY'S RESTAURANTS VICTORIA, BC",,11.11
2023-04-13,cibc chequing,Internet Banking E-TRANSFER 104484628815 KELLY OJUKWU,,100.0
2023-04-14,tdsavings,Transfer to savings,,0.5
2023-04-14,cibc credit,PAYMENT THANK YOU/PAIEMEN T MERCI,90.25,
2023-04-14,td chequing,COINAMATIC - 24     ,10.25,
2023-04-14,td chequing,UVIC CAMPUS PHA   _F,4.47,
2023-04-14,td chequing,Transfer to savings,0.5,
2023-04-14,td chequing,UVIC ONE CARD O   _V,40.0,
2023-04-14,td chequing,UVIC FOOD SERVE   _M,7.02,
2023-04-14,td chequing,NMM TFR 310310511705,,906.36
2023-04-17,td chequing,Transfer to savings,2.0,
2023-04-17,td chequing,AMZN Mktp CA      _V,44.11,
2023-04-17,td chequing,UVIC ONE CARD O   _V,30.0,
2023-04-17,tdsavings,Transfer to savings,,2.0
2023-04-17,cibc credit,WWW.HOSTELWORLD.COM DUBLIN 33.84 USD @ 1.373226,,46.47
2023-04-17,td chequing,AMZN Mktp CA      _V,37.61,
2023-04-18,td chequing,Transfer to savings,1.5,
2023-04-18,tdsavings,WU390 TFR-TO 6663314,10.0,
2023-04-18,tdsavings,Transfer to savings,,1.5
2023-04-18,td chequing,UVIC FOOD SERVE   _M,6.46,
2023-04-18,td chequing,WU390 TFR-FR 6666356,,10.0
2023-04-18,td chequing,NOODLEBOX SHELB   _V,14.88,
2023-04-19,tdsavings,Transfer to savings,,1.0
2023-04-19,td chequing,WALMART STORE #   _F,15.85,
2023-04-19,td chequing,Transfer to savings,1.0,
2023-04-19,cibc credit,"WAL-MART SUPERCENTER#1214 VICTORIA, BC",,12.91
2023-04-20,td chequing,UVIC BOOKSTORE    _F,13.33,
2023-04-20,td chequing,Transfer to savings,0.5,
2023-04-20,td chequing,SEND E-TFR ***2Nd   ,100.0,
2023-04-20,tdsavings,Transfer to savings,,0.5
2023-04-20,td chequing,Ind. Pay. Ser.   PAY,,293.57
2023-04-21,td chequing,POPEYES #13687    _M,12.06,
2023-04-21,td chequing,Transfer to savings,0.5,
2023-04-21,tdsavings,Transfer to savings,,0.5
2023-04-21,cibc chequing,Internet Banking INTERNET TRANSFER 000000133063,90.25,
2023-04-21,cibc chequing,Internet Banking E-TRANSFER 104500583261 KELLY OJUKWU,,100.0
2023-04-24,td chequing,Transfer to savings,0.5,
2023-04-24,cibc chequing,Internet Banking INTERNET TRANSFER 000000213255,,20.0
2023-04-24,td chequing,AMZN Mktp CA      _V,38.04,
2023-04-24,cibc chequing,Point of Sale - Interac RETAIL PURCHASE 000001372089 THRIFTY FOODS #,10.9,
2023-04-24,cibc chequing,Point of Sale - Interac RETAIL PURCHASE 000001001117 WALMART STORE #,7.91,
2023-04-24,td chequing,UVIC FOOD SERVE   _M,10.49,
2023-04-24,td chequing,REAL CDN WHOLES   _M,22.82,
2023-04-24,td chequing,UVIC FOOD SERVE   _F,10.49,
2023-04-24,td chequing,AMZN Mktp CA      _V,12.3,
2023-04-24,cibc chequing,Internet Banking INTERNET TRANSFER 000000138033,40.0,
2023-04-24,cibc credit,PAYMENT THANK YOU/PAIEMEN T MERCI,90.25,
2023-04-24,tdsavings,Transfer to savings,,0.5
2023-04-24,cibc credit,"THRIFTY FOODS #9451 VICTORIA, BC",,24.76
2023-04-25,td chequing,Transfer to savings,2.5,
2023-04-25,td chequing,NMM TFR 311505739705,,6625.0
2023-04-25,cibc credit,"COINAMATIC VICTORIA, BC",,10.25
2023-04-25,cibc credit,CASH ADVANCE/AVANCE DE FO NDS,,20.0
2023-04-25,td chequing,UNI VIC TUIT Y7Z2Q5 ,6390.08,
2023-04-25,cibc credit,PAYMENT THANK YOU/PAIEMEN T MERCI,40.0,
2023-04-25,tdsavings,Transfer to savings,,2.5
2023-04-25,tdsavings,SEND E-TFR ***2vq   ,10.0,
2023-04-25,tdsavings,SEND E-TFR FEE      ,0.5,
2023-04-26,cibc chequing,Internet Banking INTERNET TRANSFER 000000106232,10.0,
2023-04-26,cibc chequing,Internet Banking E-TRANSFER 104511695475 KELLY OJUKWU,,10.0
2023-04-27,td chequing,OCEAN ISLAND BA   _F,10.0,
2023-04-27,cibc credit,"UVIC FOOD SERVERY VICTORIA, BC",,10.49
2023-04-27,cibc credit,PAYMENT THANK YOU/PAIEMEN T MERCI,10.0,
2023-04-28,td chequing,OVERDRAFT INTEREST  ,0.38,
2023-04-28,cibc chequing,Branch Transaction SERVICE CHARGE DISCOUNT,,6.95
2023-04-28,cibc chequing,Branch Transaction SERVICE CHARGE ADD TXN$0.00;MONTHLY$6.95 RECORD-KEEPING N/A,6.95,
2023-04-28,cibc credit,"BLUEBIRD CABS VICTORIA, BC",,55.8
2023-04-28,tdsavings,Transfer to savings,,0.5
2023-04-28,cibc credit,"WENDYS 6540 VICTORIA, BC",,11.71
2023-04-28,cibc credit,"THRIFTY FOODS #9469 VICTORIA, BC",,11.98
2023-04-28,td chequing,Transfer to savings,0.5,
2023-05-01,cibc credit,"DAIRY QUEEN #26988 VICTORIA, BC",,8.44
2023-05-01,cibc credit,"OCEAN ISLAND BACK PACKERS VICTORIA, BC",10.0,
2023-05-01,cibc credit,"OCEAN ISLAND BACK PACKERS VICTORIA, BC",,293.39
2023-05-01,cibc credit,"OCEAN ISLAND BACK PACKERS VICTORIA, BC",,10.0
2023-05-01,td chequing,NMM TFR 311809802705,,1316.0
2023-05-01,td chequing,SEND E-TFR ***w8h   ,700.0,
2023-05-01,td chequing,TIM HORTONS #32   _M,3.13,
2023-05-01,td chequing,SEND E-TFR ***Mcp   ,800.0,
2023-05-01,td chequing,SEND E-TFR ***9MD   ,110.0,
2023-05-01,cibc credit,"TIM HORTONS #3258 VICTORIA, BC",,4.5
2023-05-01,cibc credit,"SQ *LOCAL PIZZA - DOUGLAS 8774174551, BC",,17.23
2023-05-01,cibc credit,"TIM HORTONS #3258 VICTORIA, BC",,5.45
2023-05-01,cibc credit,"THRIFTY FOODS #9454 VICTORIA, BC",,11.16
2023-05-01,td chequing,Spotify       5.59_V,5.59,
2023-05-02,td chequing,CANADIAN TIRE #   _F,2.78,
2023-05-02,cibc chequing,Internet Banking INTERNET TRANSFER 000000136291,110.0,
2023-05-02,cibc credit,"DAIRY QUEEN #26988 OLO VICTORIA, BC",,9.39
2023-05-02,cibc chequing,Internet Banking E-TRANSFER 104527142959 KELLY OJUKWU,,110.0
2023-05-02,tdsavings,Transfer to savings,,1.0
2023-05-02,td chequing,Transfer to savings,1.0,
2023-05-03,cibc credit,PAYMENT THANK YOU/PAIEMEN T MERCI,110.0,
2023-05-03,td chequing,Transfer to savings,0.5,
2023-05-03,tdsavings,Transfer to savings,,0.5
2023-05-03,cibc credit,"BLUEBIRD CABS VICTORIA, BC",,43.4
2023-05-03,td chequing,WALMART STORE #   _M,5.84,
2023-05-04,td chequing,UVIC ONE CARD O   _M,5.0,
2023-05-04,td chequing,UVIC ONE CARD O   _M,20.0,
2023-05-04,td chequing,SEND E-TFR ***qDq   ,90.0,
2023-05-04,td chequing,Transfer to savings,0.5,
2023-05-04,td chequing,Ind. Pay. Ser.   PAY,,167.39
2023-05-04,tdsavings,Transfer to savings,,0.5
2023-05-04,cibc credit,"WAL-MART SUPERCENTER#1214 VICTORIA, BC",,77.47
2023-05-04,cibc credit,"WAL-MART SUPERCENTER#1214 VICTORIA, BC",,114.04
2023-05-04,td chequing,WAL-MART #1214    _M,17.58,
2023-05-05,td chequing,Amazon Pri    7.49_V,10.57,
2023-05-05,td chequing,Transfer to savings,1.5,
2023-05-05,cibc credit,"REAL CDN WHOLESALE #67 VICTORIA, BC",,14.54
2023-05-05,tdsavings,Transfer to savings,,1.5
2023-05-08,tdsavings,Transfer to savings,,0.5
2023-05-08,td chequing,Transfer to savings,0.5,
2023-05-08,td chequing,REAL CDN WHOLES   _M,9.0,
2023-05-08,td chequing,WALMART STORE #   _M,9.45,
2023-05-08,td chequing,REAL CDN WHOLES   _M,15.14,
2023-05-09,tdsavings,Transfer to savings,,1.5
2023-05-09,td chequing,Transfer to savings,1.5,
2023-05-10,cibc credit,"UVIC ATHLETICS VICTORIA, BC",,42.0
2023-05-10,cibc credit,"REAL CDN WHOLESALE #67 VICTORIA, BC",,8.44
2023-05-10,cibc credit,"REAL CDN WHOLESALE #67 VICTORIA, BC",,21.57
2023-05-11,cibc credit,"REAL CDN WHOLESALE #67 VICTORIA, BC",,15.88
2023-05-12,td chequing,SEND E-TFR ***peQ   ,560.0,
2023-05-12,td chequing,SEND E-TFR ***PWD   ,50.0,
2023-05-12,td chequing,NMM TFR 313204803705,,606.42
2023-05-15,cibc chequing,Internet Banking E-TRANSFER 104552589289 KELLY OJUKWU,,560.0
2023-05-15,cibc chequing,Internet Banking INTERNET TRANSFER 000000126529,549.7,
2023-05-15,cibc chequing,Point of Sale - Interac RETAIL PURCHASE 422001001059 REAL CDN WHOLES,8.08,
2023-05-15,cibc chequing,Point of Sale - Interac RETAIL PURCHASE 423001001066 REAL CDN WHOLES,3.59,
2023-05-15,cibc credit,PAYMENT THANK YOU/PAIEMEN T MERCI,549.7,
2023-05-18,cibc chequing,Internet Banking E-TRANSFER 104564573331 KELLY OJUKWU,,601.0
2023-05-18,td chequing,Ind. Pay. Ser.   PAY,,601.38
2023-05-18,cibc chequing,Point of Sale - Visa Debit INTL VISA DEB RETAIL PURCHASE UVIC ONE CARD O T23137165519 1.00 CAD @ 1.000000,1.0,
2023-05-18,td chequing,SEND E-TFR ***2fX   ,601.0,
2023-05-18,cibc chequing,Internet Banking INTERNET TRANSFER 000000205374,102.43,
2023-05-19,cibc credit,"WAL-MART SUPERCENTER#1214 VICTORIA, BC",,3.33
2023-05-19,cibc credit,"WAL-MART SUPERCENTER#1214 VICTORIA, BC",,21.28
2023-05-19,cibc chequing,Point of Sale - Interac RETAIL PURCHASE 000001777019 SHOE COMPANY #,67.19,
2023-05-19,cibc credit,PAYMENT THANK YOU/PAIEMEN T MERCI,102.43,
2023-05-23,tdsavings,WQ355 TFR-TO 6663314,12.0,
2023-05-23,td chequing,WQ355 TFR-FR 6666356,,12.0
2023-05-23,cibc chequing,Point of Sale - Interac RETAIL PURCHASE 000001567024 DRIVER SERVICES,10.0,
2023-05-23,cibc chequing,Point of Sale - Interac RETAIL PURCHASE 000001267030 DRIVER SERVICES,15.0,
2023-05-23,cibc chequing,Point of Sale - Interac RETAIL PURCHASE 429001001043 REAL CDN WHOLES,17.55,
2023-05-26,cibc chequing,Internet Banking INTERNET TRANSFER 000000109078,24.61,
2023-05-29,cibc chequing,Point of Sale - Interac RETAIL PURCHASE 314722154387 QUESADA BURRITO,4.29,
2023-05-29,cibc chequing,Point of Sale - Interac RETAIL PURCHASE 314622233276 QUESADA BURRITO,4.29,
2023-05-29,cibc chequing,Point of Sale - Interac RETAIL PURCHASE 314820138432 MCDONALD'S #133,3.98,
2023-05-29,cibc chequing,Internet Banking INTERNET TRANSFER 000000109724,,449.0
2023-05-29,cibc credit,PAYMENT THANK YOU/PAIEMEN T MERCI,24.61,
2023-05-30,td chequing,QUESADA BURRITO   _M,3.66,
2023-05-30,cibc credit,CASH ADV/BT/CONV CHQ FEE,,5.0
2023-05-30,cibc credit,CASH ADVANCE/AVANCE DE FO NDS,,449.0
2023-05-30,td chequing,QUESADA BURRITO   _M,3.66,
2023-05-31,tdsavings,Transfer to savings,,1.0
2023-05-31,cibc chequing,Branch Transaction SERVICE CHARGE ADD TXN$2.50;MONTHLY$6.95 RECORD-KEEPING N/A,9.45,
2023-05-31,cibc chequing,Branch Transaction SERVICE CHARGE DISCOUNT,,9.45
2023-05-31,td chequing,Transfer to savings,1.0,
2023-06-01,cibc credit,"UVIC FOOD SERVERY VICTORIA, BC",,3.87
2023-06-01,cibc credit,"UVIC FOOD SERVERY VICTORIA, BC",,7.35
2023-06-01,td chequing,THRIFTY FOODS #   _M,12.0,
2023-06-01,td chequing,WALMART STORE #   _M,10.38,
2023-06-01,td chequing,Ind. Pay. Ser.   PAY,,415.38
2023-06-01,td chequing,SEND E-TFR ***pDc   ,200.0,
2023-06-01,td chequing,SEND E-TFR ***RSg   ,450.0,
2023-06-01,td chequing,NMM TFR 315201856705,,660.0
2023-06-01,td chequing,Spotify       5.59_V,5.59,
2023-06-01,cibc chequing,Internet Banking E-TRANSFER 104590860284 KELLY OJUKWU,,200.0
2023-06-01,cibc chequing,Internet Banking E-TRANSFER 104590478600 me tdbank,800.0,
2023-06-01,cibc chequing,Internet Banking E-TRANSFER 104590859843 rick lai,800.0,
2023-06-01,cibc chequing,Internet Banking E-TRANSFER STOP 104590519370,,800.0
2023-06-01,cibc chequing,Internet Banking INTERNET TRANSFER 000000113681,,10.0
2023-06-01,cibc chequing,Internet Banking E-TRANSFER STOP SC104590519370,3.5,
2023-06-01,cibc chequing,Internet Banking INTERNET TRANSFER 000000137666,200.0,
2023-06-02,cibc chequing,Internet Banking E-TRANSFER 104592697008 KELLY OJUKWU,,390.0
2023-06-02,cibc credit,CASH ADV/BT/CONV CHQ FEE,,5.0
2023-06-02,cibc credit,CASH INTEREST,,1.8
2023-06-02,cibc chequing,Internet Banking INTERNET TRANSFER 000000136460,300.0,
2023-06-02,td chequing,Transfer to savings,1.5,
2023-06-02,td chequing,SEND E-TFR ***kQ5   ,390.0,
2023-06-02,td chequing,QUESADA BURRITO   _M,3.9,
2023-06-02,cibc credit,PAYMENT THANK YOU/PAIEMEN T MERCI,200.0,
2023-06-02,tdsavings,Transfer to savings,,1.5
2023-06-02,td chequing,UVIC ONE CARD O   _V,2.0,
2023-06-02,cibc credit,CASH ADVANCE/AVANCE DE FO NDS,,10.0
2023-06-05,cibc chequing,Point of Sale - Interac RETAIL PURCHASE 000001001431 WALMART STORE #,49.44,
2023-06-05,cibc chequing,Internet Banking INTERNET TRANSFER 000000137851,47.0,
2023-06-05,tdsavings,Transfer to savings,,1.0
2023-06-05,cibc credit,"WAL-MART SUPERCENTER#3109 VICTORIA, BC",,79.0
2023-06-05,td chequing,Transfer to savings,1.0,
2023-06-05,cibc credit,"QUESADA BURRITOS AND TACO VICTORIA, BC",,3.9
2023-06-05,cibc credit,PAYMENT THANK YOU/PAIEMEN T MERCI,300.0,
2023-06-05,cibc credit,INTEREST REVERSAL,0.56,
2023-06-05,td chequing,Amazon Pri    7.49_V,10.43,
2023-06-06,cibc credit,PAYMENT THANK YOU/PAIEMEN T MERCI,47.0,
2023-06-07,td chequing,SEND E-TFR ***nfC   ,116.0,
2023-06-07,td chequing,TD ATM DEP    008664,,478.59
2023-06-07,td chequing,PODP FEE JUN/05/2023,5.0,
2023-06-07,cibc chequing,Internet Banking E-TRANSFER 104599042584 KELLY OJUKWU,,116.0
2023-06-07,cibc chequing,Internet Banking INTERNET TRANSFER 000000136811,116.0,
2023-06-07,cibc credit,"QUESADA BURRITOS AND TACO VICTORIA, BC",,7.82
2023-06-07,td chequing,UVIC ONE CARD O   _F,20.0,
2023-06-08,cibc credit,"UVIC FOOD SERVERY VICTORIA, BC",,6.8
2023-06-08,cibc credit,PAYMENT THANK YOU/PAIEMEN T MERCI,116.0,
2023-06-08,cibc credit,"WAL-MART SUPERCENTER#3109 VICTORIA, BC",,83.37
2023-06-08,td chequing,UVIC FOOD SERVE   _M,2.63,
2023-06-08,tdsavings,Transfer to savings,,0.5
2023-06-08,td chequing,Transfer to savings,0.5,
2023-06-09,td chequing,Transfer to savings,0.5,
2023-06-09,tdsavings,Transfer to savings,,0.5
2023-06-12,cibc credit,"WAL-MART SUPERCENTER#3109 VICTORIA, BC",,123.73
2023-06-12,cibc credit,"WAL-MART SUPERCENTER#1214 VICTORIA, BC",,24.35
2023-06-12,td chequing,SEND E-TFR ***dYk   ,326.67,
2023-06-12,cibc credit,"UVIC FOOD SERVERY VICTORIA, BC",,9.5
2023-06-12,cibc credit,"THRIFTY FOODS #9469 VICTORIA, BC",,0.44
2023-06-12,cibc credit,"WAL-MART SUPERCENTER#1214 VICTORIA, BC",,47.49
2023-06-12,cibc chequing,Internet Banking E-TRANSFER 104603511740 KELLY OJUKWU,,326.67
2023-06-12,cibc chequing,Internet Banking INTERNET TRANSFER 000000106447,303.0,
2023-06-13,cibc credit,"UVIC ATHLETICS VICTORIA, BC",,88.0
2023-06-13,cibc credit,PAYMENT THANK YOU/PAIEMEN T MERCI,303.0,
2023-06-14,cibc credit,"QUESADA BURRITOS AND TACO VICTORIA, BC",,3.9
2023-06-14,cibc credit,"WAL-MART SUPERCENTER#3109 VICTORIA, BC",67.72,
2023-06-15,cibc credit,"UVIC FOOD SERVERY VICTORIA, BC",,2.93
2023-06-16,cibc credit,"UVIC FOOD SERVERY VICTORIA, BC",,2.93
2023-06-19,cibc credit,"REAL CDN WHOLESALE #67 VICTORIA, BC",,12.79
2023-06-19,cibc credit,"QUESADA BURRITOS AND TACO VICTORIA, BC",,7.57
2023-06-19,cibc credit,"AMZN Mktp US*ZN4930IZ3 Amzn.com/bill, ON",,16.42
2023-06-20,cibc credit,"UVIC FOOD SERVERY VICTORIA, BC",,13.86
2023-06-20,cibc credit,"WAL-MART SUPERCENTER#3109 VICTORIA, BC",,55.82
2023-06-21,cibc chequing,Automated Banking Machine ATM DEPOSIT SHELBOURNE + MCKENZIE 1B07,,900.9
2023-06-21,cibc credit,"UVIC FOOD SERVERY VICTORIA, BC",,2.93
2023-06-21,cibc credit,"QUESADA BURRITOS AND TACO VICTORIA, BC",,7.82
2023-06-22,cibc credit,"FAIRWAY MARKET VICTORIA, BC",,3.99
2023-06-23,cibc credit,"WAL-MART SUPERCENTER#1214 VICTORIA, BC",,13.49
2023-06-23,cibc chequing,Internet Banking INTERNET TRANSFER 000000114869,106.49,
2023-06-26,cibc credit,"WAL-MART SUPERCENTER#3109 VICTORIA, BC",,23.44
2023-06-26,cibc chequing,Internet Banking INTERNET TRANSFER 000000123567,98.0,
2023-06-26,cibc credit,"THRIFTY FOODS #9469 VICTORIA, BC",,24.11
2023-06-26,cibc credit,"FAIRWAY MARKET VICTORIA, BC",,5.49
2023-06-26,cibc credit,"Amazon.ca www.amazon.ca, ON",,45.33
2023-06-26,cibc credit,PAYMENT THANK YOU/PAIEMEN T MERCI,106.49,
2023-06-26,cibc credit,"THRIFTY FOODS #9469 VICTORIA, BC",,39.53
2023-06-27,cibc credit,PAYMENT THANK YOU/PAIEMEN T MERCI,98.0,
2023-06-29,cibc credit,"UVIC FOOD SERVERY VICTORIA, BC",,6.34
2023-06-30,cibc chequing,Branch Transaction SERVICE CHARGE DISCOUNT,,6.95
2023-06-30,cibc chequing,Branch Transaction SERVICE CHARGE ADD TXN$0.00;MONTHLY$6.95 RECORD-KEEPING N/A,6.95,
2023-06-30,td chequing,OVERDRAFT INTEREST  ,0.01,
2023-07-04,cibc credit,"WAL-MART SUPERCENTER#3109 VICTORIA, BC",,28.85
2023-07-04,cibc credit,"WAL-MART SUPERCENTER#3109 VICTORIA, BC",,20.27
2023-07-04,cibc credit,"THRIFTY FOODS #9469 VICTORIA, BC",,22.6
2023-07-04,cibc credit,PAYMENT THANK YOU/PAIEMEN T MERCI,720.47,
2023-07-04,cibc credit,CASH INTEREST,,0.49
2023-07-04,cibc credit,CASH ADVANCE/AVANCE DE FO NDS,,800.0
2023-07-04,cibc credit,CASH ADV/BT/CONV CHQ FEE,,5.0
2023-07-04,cibc chequing,Internet Banking INTERNET TRANSFER 000000100398,,800.0
2023-07-04,cibc chequing,Internet Banking E-TRANSFER 104624759715 rick lai,800.0,
2023-07-04,td chequing,Spotify       5.59_V,5.59,
2023-07-04,td chequing,NMM TFR 318204388705,,1286.5
2023-07-04,td chequing,SEND E-TFR ***Rq3   ,645.45,
2023-07-04,cibc chequing,Internet Banking INTERNET TRANSFER 000000234551,720.47,
2023-07-05,td chequing,Transfer to savings,0.5,
2023-07-05,td chequing,Amazon Pri    7.49_V,10.28,
2023-07-05,cibc credit,"UVIC FOOD SERVERY VICTORIA, BC",,3.97
2023-07-05,tdsavings,Transfer to savings,,0.5
2023-07-05,cibc chequing,Automated Banking Machine ATM DEPOSIT SHELBOURNE + MCKENZIE 1B02,,645.41
2023-07-06,cibc chequing,Internet Banking E-TRANSFER 104630893920 KELLY OJUKWU,,624.67
2023-07-06,td chequing,SEND E-TFR ***m3r   ,624.67,
2023-07-06,cibc credit,"UVIC FOOD SERVERY VICTORIA, BC",,12.6
2023-07-07,cibc chequing,Point of Sale - Visa Debit VISA DEBIT RETAIL PURCHASE Amazon.ca Prime 318863775733,5.59,
2023-07-10,cibc chequing,Internet Banking INTERNET TRANSFER 000000228100,500.0,
2023-07-10,cibc chequing,Internet Banking INTERNET TRANSFER 000000216343,200.0,
2023-07-10,cibc credit,"WAL-MART SUPERCENTER#1214 VICTORIA, BC",,33.24
2023-07-10,cibc credit,"THRIFTY FOODS #9469 VICTORIA, BC",,18.2
2023-07-10,cibc credit,"Amazon.ca www.amazon.ca, ON",45.33,
2023-07-10,cibc credit,"Amazon.ca*U94GU8VC3 AMAZON.CA, ON",,111.99
2023-07-11,cibc credit,PAYMENT THANK YOU/PAIEMEN T MERCI,500.0,
2023-07-11,cibc credit,PAYMENT THANK YOU/PAIEMEN T MERCI,200.0,
2023-07-11,cibc credit,"REAL CDN WHOLESALE #67 VICTORIA, BC",,10.78
2023-07-13,cibc credit,"WHITE SPOT FORT ST. #6 VICTORIA, BC",,5.03
2023-07-13,cibc credit,"THRIFTY FOODS #9469 VICTORIA, BC",,22.58
2023-07-14,cibc credit,"FAIRWAY MARKET VICTORIA, BC",,6.98
2023-07-14,cibc credit,"AMZN Mktp CA*0X2AS8PI3 WWW.AMAZON.CA, ON",,33.58
2023-07-14,cibc credit,"THE ROOT CELLAR VICTORIA, BC",,1.04
2023-07-17,cibc credit,"WAL-MART SUPERCENTER#1214 VICTORIA, BC",,17.65
2023-07-18,cibc credit,"UVIC FOOD SERVERY VICTORIA, BC",,2.61
2023-07-19,cibc credit,"MCDONALD'S #1336 VICTORIA, BC",,7.33
2023-07-19,cibc credit,"WAL-MART SUPERCENTER#3109 VICTORIA, BC",,34.17
2023-07-20,cibc credit,"WAL-MART SUPERCENTER#1214 VICTORIA, BC",,34.39
2023-07-24,cibc chequing,Automated Banking Machine ATM DEPOSIT SHELBOURNE + MCKENZIE 1B07,,209.0
2023-07-24,cibc credit,"THRIFTY FOODS #9469 VICTORIA, BC",,25.11
2023-07-24,cibc credit,"SODA-SNACK VENDING TORONTO, ON",,2.75
2023-07-24,cibc credit,"SODA-SNACK VENDING TORONTO, ON",,2.0
2023-07-24,cibc credit,"SODA-SNACK VENDING TORONTO, ON",,2.0
2023-07-25,cibc credit,"THRIFTY FOODS #9469 VICTORIA, BC",,29.52
2023-07-27,cibc chequing,Internet Banking INTERNET TRANSFER 000000129130,,226.51
2023-07-27,cibc chequing,Internet Banking E-TRANSFER 104653114483 David Emelu,,1000.0
2023-07-27,cibc chequing,Internet Banking E-TRANSFER 104653114803 DAVIDEMELU,,1000.0
2023-07-27,cibc chequing,Internet Banking E-TRANSFER 104653116205 Jin Huang,3000.0,
2023-07-28,cibc credit,CASH ADVANCE/AVANCE DE FO NDS,,226.51
2023-07-28,cibc credit,CASH ADV/BT/CONV CHQ FEE,,5.0
2023-07-31,cibc chequing,Branch Transaction PAY PER USE OVERDRAFT FEE,5.0,
2023-07-31,cibc chequing,Internet Banking INTERNET TRANSFER 000000110473,,425.0
2023-07-31,cibc chequing,Internet Banking E-TRANSFER 104655644749 One month rent,425.0,
2023-07-31,cibc chequing,Internet Banking E-TRANSFER STOP 104655646510,,425.0
2023-07-31,cibc chequing,Internet Banking E-TRANSFER STOP SC104655646510,3.5,
2023-07-31,cibc chequing,Internet Banking E-TRANSFER 104655647706 One month rent,425.0,
2023-07-31,cibc chequing,Branch Transaction SERVICE CHARGE ADD TXN$0.00;MONTHLY$6.95 RECORD-KEEPING N/A,6.95,
2023-07-31,cibc credit,"WAL-MART SUPERCENTER#3109 VICTORIA, BC",,25.52
2023-07-31,cibc chequing,Branch Transaction SERVICE CHARGE DISCOUNT,,6.95
2023-08-01,cibc chequing,Automated Banking Machine ATM DEPOSIT SHELBOURNE + MCKENZIE 2A2P,,370.0
2023-08-01,td chequing,Spotify       5.59_V,5.59,
2023-08-01,td chequing,NMM TFR 321306895705,,516.04
2023-08-01,cibc credit,CASHBACK/REMISE EN ARGENT,25.0,
2023-08-01,td chequing,SEND E-TFR ***PSe   ,510.45,
2023-08-01,cibc credit,CASH ADVANCE/AVANCE DE FO NDS,,425.0
2023-08-01,cibc credit,"VALUE VILLAGE # 2010 VICTORIA, BC",,15.74
2023-08-01,cibc credit,"DSW #590 VICTORIA, BC",,80.59
2023-08-01,cibc credit,CASH ADV/BT/CONV CHQ FEE,,5.0
2023-08-02,cibc chequing,Internet Banking E-TRANSFER 104660432941 CHIEN HUA LAI,,30.0
2023-08-02,cibc chequing,Internet Banking E-TRANSFER 104660337169 KELLY OJUKWU,,510.45
2023-08-02,cibc chequing,Internet Banking E-TRANSFER 104660346188 One month rent,850.0,
2023-08-02,cibc credit,"THRIFTY FOODS #9469 VICTORIA, BC",,5.24
2023-08-02,cibc credit,"OLD SPAGHETTI VICTORIA VICTORIA, BC",,8.66
2023-08-02,cibc credit,"SODA-SNACK VENDING TORONTO, ON",,2.25
2023-08-02,cibc credit,"SODA-SNACK VENDING TORONTO, ON",,1.75
2023-08-02,cibc credit,"SODA-SNACK VENDING TORONTO, ON",,2.0
2023-08-02,cibc chequing,Internet Banking E-TRANSFER RECLAIM010752863878,,850.0
2023-08-02,cibc chequing,Internet Banking E-TRANSFER 104660589896 One month rent,850.0,
2023-08-03,cibc credit,"REAL CDN WHOLESALE #67 VICTORIA, BC",,32.3
2023-08-04,cibc credit,CASH INTEREST,,2.78
2023-08-04,cibc credit,"WAL-MART SUPERCENTER#1214 VICTORIA, BC",,8.47
2023-08-04,cibc credit,"THRIFTY FOODS #9469 VICTORIA, BC",,17.94
2023-08-08,cibc chequing,Internet Banking INTERNET TRANSFER 000000223093,46.36,
2023-08-08,td chequing,Amazon Pri    7.49_V,10.38,
2023-08-08,cibc credit,"THRIFTY FOODS #9469 VICTORIA, BC",,13.59
2023-08-08,cibc chequing,Point of Sale - Visa Debit VISA DEBIT RETAIL PURCHASE Amazon.ca Prime 321972367168,5.59,
2023-08-08,cibc credit,"OLD SPAGHETTI VICTORIA VICTORIA, BC",,5.36
2023-08-08,cibc credit,"WAL-MART SUPERCENTER#1214 VICTORIA, BC",,67.02
2023-08-08,cibc chequing,Automated Banking Machine ATM DEPOSIT SHELBOURNE + MCKENZIE 2A2P,,65.0
2023-08-08,cibc chequing,Branch Transaction DEPOSIT IBB SHELBOURNE & MCKENZIE BANKING,,130.0
2023-08-08,cibc chequing,Internet Banking INTERNET TRANSFER 000000104041,195.0,
2023-08-08,cibc credit,"WAL-MART SUPERCENTER#1214 VICTORIA, BC",,2.43
2023-08-09,cibc credit,"ADVENTURE CENTRE VICTORIA, BC",,88.48
2023-08-09,cibc credit,"MINISO-BC-WALMART VICTORI VICTORIA, BC",,11.19
2023-08-09,cibc credit,"BLUEBIRD CABS VICTORIA, BC",,72.57
2023-08-09,cibc credit,"BLUEBIRD CABS VICTORIA, BC",,45.8
2023-08-09,cibc credit,"BLUEBIRD CABS VICTORIA, BC",,54.2
2023-08-09,cibc credit,PAYMENT THANK YOU/PAIEMEN T MERCI,195.0,
2023-08-09,cibc credit,PAYMENT THANK YOU/PAIEMEN T MERCI,46.36,
2023-08-10,cibc credit,"CHICKEN 649 VICTORIA, BC",,2.89
2023-08-10,cibc chequing,Internet Banking INTERNET TRANSFER 000000203314,120.0,
2023-08-10,td chequing,PODP FEE AUG/08/2023,5.0,
2023-08-10,cibc chequing,Automated Banking Machine ATM DEPOSIT SHELBOURNE + MCKENZIE 1B02,,120.0
2023-08-11,cibc chequing,Point of Sale - Interac RETAIL PURCHASE 137586018156 SQ *VICTORIA KA,185.47,
2023-08-11,cibc chequing,Automated Banking Machine ATM DEPOSIT DOUGLAS + VIEW 2A18,,486.04
2023-08-11,cibc chequing,Automated Banking Machine ATM DEPOSIT DOUGLAS + VIEW 2A18,,20.0
2023-08-11,cibc credit,"MANCHU WOK VICTORIA, BC",,29.82
2023-08-11,cibc credit,PAYMENT THANK YOU/PAIEMEN T MERCI,120.0,
2023-08-11,cibc credit,"WAL-MART SUPERCENTER#3109 VICTORIA, BC",,8.93
2023-08-11,cibc credit,"SZECHUAN RESTAURANT VICTORIA, BC",,73.54
2023-08-14,td chequing,NMM TFR 322604178705,,130.87
2023-08-14,cibc credit,"WAL-MART SUPERCENTER#3109 VICTORIA, BC",,7.41
2023-08-14,td chequing,UBER CANADA/UBE   _V,18.67,
2023-08-14,td chequing,UBER CANADA/UBE   _V,5.0,
2023-08-14,td chequing,PARACHUTE ICE C   _M,22.2,
2023-08-14,td chequing,UBER CANADA/UBE   _V,12.47,
2023-08-14,td chequing,UBER CANADA/UBE   _V,10.0,
2023-08-14,cibc credit,"CHICKEN 649 VICTORIA, BC",,68.56
2023-08-14,cibc credit,"ROUND HOUSE CAFE VICTORIA, BC",,49.34
2023-08-15,td chequing,SEND E-TFR ***4pa   ,503.0,
2023-08-15,td chequing,NMM TFR 322701827705,,458.99
2023-08-15,td chequing,Transfer to savings,2.5,
2023-08-15,cibc chequing,Internet Banking E-TRANSFER 104675113978 KELLY OJUKWU,,503.0
2023-08-15,tdsavings,Transfer to savings,,2.5
2023-08-16,cibc chequing,Internet Banking INTERNET TRANSFER 000000231958,500.0,
2023-08-16,cibc credit,"THE ROOT CELLAR VICTORIA, BC",,0.78
2023-08-17,cibc credit,PAYMENT THANK YOU/PAIEMEN T MERCI,500.0,
2023-08-18,cibc chequing,Internet Banking INTERNET TRANSFER 000000107446,323.57,
2023-08-18,cibc credit,"WAL-MART SUPERCENTER#1214 VICTORIA, BC",,13.61
2023-08-18,cibc credit,"THRIFTY FOODS #9469 VICTORIA, BC",,33.24
2023-08-21,cibc chequing,Internet Banking INTERNET TRANSFER 000000231315,100.0,
2023-08-21,cibc credit,"SODA-SNACK VENDING TORONTO, ON",,2.25
2023-08-21,cibc credit,"WAL-MART SUPERCENTER#1214 VICTORIA, BC",,16.35
2023-08-21,cibc credit,"SODA-SNACK VENDING TORONTO, ON",,2.25
2023-08-21,cibc credit,PAYMENT THANK YOU/PAIEMEN T MERCI,323.57,
2023-08-21,cibc credit,"GAP.COM 4584 800-427-7895, ON",,73.34
2023-08-21,cibc chequing,Automated Banking Machine ATM DEPOSIT SHELBOURNE + MCKENZIE 1B02,,210.92
2023-08-22,cibc credit,"WAL-MART SUPERCENTER#1214 VICTORIA, BC",,24.86
2023-08-22,cibc chequing,Internet Banking INTERNET TRANSFER 000000201523,100.0,
2023-08-22,cibc credit,PAYMENT THANK YOU/PAIEMEN T MERCI,100.0,
2023-08-23,cibc credit,PAYMENT THANK YOU/PAIEMEN T MERCI,100.0,
2023-08-24,cibc credit,"THRIFTY FOODS #9469 VICTORIA, BC",,34.13
2023-08-24,cibc credit,"WAL-MART SUPERCENTER#1214 VICTORIA, BC",,25.79
2023-08-24,cibc credit,"DSW #590 VICTORIA, BC",80.59,
2023-08-25,td chequing,NMM TFR 323704785705,,132.32
2023-08-28,td chequing,NMM TFR 323805385705,,594.9
2023-08-28,cibc credit,"WAL-MART SUPERCENTER#1214 VICTORIA, BC",,14.41
2023-08-29,cibc credit,"THRIFTY FOODS #9469 VICTORIA, BC",,16.68
2023-08-29,cibc credit,"UVIC BOOKSTORE VICTORIA, BC",,10.45
2023-08-30,cibc credit,"BELLEVILLE'S WATERING VICTORIA, BC",,12.52
2023-08-30,cibc chequing,Branch Transaction CREDIT MEMO,,100.0
2023-08-31,cibc credit,"WAL-MART SUPERCENTER#1214 VICTORIA, BC",,28.86
2023-08-31,cibc credit,"SVI - 110-3934 QUADRA 844-983-0303, BC",,26.25
2023-08-31,cibc chequing,Internet Banking E-TRANSFER 104692357161 KELLY OJUKWU,,727.86
2023-08-31,cibc chequing,Branch Transaction SERVICE CHARGE ADD TXN$0.00;MONTHLY$6.95 RECORD-KEEPING N/A,6.95,
2023-08-31,cibc chequing,Branch Transaction SERVICE CHARGE DISCOUNT,,6.95
2023-08-31,td chequing,OVERDRAFT INTEREST  ,0.05,
2023-08-31,td chequing,SEND E-TFR ***fAe   ,727.86,
2023-08-31,cibc chequing,Internet Banking INTERNET TRANSFER 000000103047,247.46,
2023-09-01,cibc chequing,Internet Banking INTERNET TRANSFER 000000103061,,409.0
2023-09-01,td chequing,Spotify       5.59_V,5.59,
2023-09-01,cibc credit,"WAL-MART SUPERCENTER#1214 VICTORIA, BC",,31.33
2023-09-01,cibc credit,"CHICKEN 649 VICTORIA, BC",,31.85
2023-09-01,cibc credit,CASH INTEREST,,2.06
2023-09-01,cibc credit,PAYMENT THANK YOU/PAIEMEN T MERCI,247.46,
2023-09-05,td chequing,SEND E-TFR ***jwv   ,538.96,
2023-09-05,td chequing,Amazon Pri    7.49_V,10.55,
2023-09-05,cibc credit,CASH ADVANCE/AVANCE DE FO NDS,,409.0
2023-09-05,cibc credit,"THRIFTY FOODS #9469 VICTORIA, BC",,27.78
2023-09-05,cibc credit,"WAL-MART SUPERCENTER#3109 VICTORIA, BC",,78.38
2023-09-05,cibc credit,"TIM HORTONS #2921 VICTORIA, BC",,1.56
2023-09-05,cibc credit,"AMZN Mktp CA*TL9EA03A0 WWW.AMAZON.CA, ON",,78.39
2023-09-05,cibc credit,"THE ROOT CELLAR VICTORIA, BC",,2.47
2023-09-05,cibc credit,CASH ADV/BT/CONV CHQ FEE,,5.0
2023-09-05,cibc credit,"BC SHAVER & HOBBIES VICTORIA, BC",,67.19
2023-09-05,td chequing,TD ATM DEP    008454,,50.0
2023-09-05,td chequing,TD ATM DEP    008450,,156.01
2023-09-05,td chequing,TD ATM DEP    008448,,40.0
2023-09-05,cibc chequing,Internet Banking E-TRANSFER 104695168225 John soliman,,2000.0
2023-09-05,cibc chequing,Internet Banking INTERNET TRANSFER 000000113911,45.0,
2023-09-05,cibc chequing,Internet Banking INTERNET TRANSFER 000000113993,,90.0
2023-09-05,cibc chequing,Internet Banking E-TRANSFER 104695213680 Jin Huang,3000.0,
2023-09-05,td chequing,TD ATM DEP    008452,,303.88
2023-09-05,cibc chequing,Internet Banking E-TRANSFER 104697290794 david,409.0,
2023-09-05,cibc chequing,Internet Banking E-TRANSFER 104697281234 JIAN MING TU,,400.0
2023-09-05,cibc chequing,Internet Banking E-TRANSFER 104698111187 KELLY OJUKWU,,538.96
2023-09-05,cibc chequing,Internet Banking E-TRANSFER 104698112494 david,408.33,
2023-09-05,cibc chequing,Internet Banking E-TRANSFER RECLAIM010803595545,,408.33
2023-09-05,cibc chequing,Internet Banking E-TRANSFER 104698983812 David e,408.33,
2023-09-05,td chequing,THRIFTY FOODS #   _M,5.29,
2023-09-05,cibc chequing,Internet Banking E-TRANSFER RECLAIM010774618536,,409.0
2023-09-06,td chequing,PODP FEE SEP/01/2023,5.0,
2023-09-06,cibc credit,"UVIC FOOD SERVERY VICTORIA, BC",,9.96
2023-09-06,cibc credit,INTEREST REVERSAL,0.08,
2023-09-06,cibc credit,CASH ADVANCE/AVANCE DE FO NDS,,90.0
2023-09-06,cibc credit,PAYMENT THANK YOU/PAIEMEN T MERCI,45.0,
2023-09-06,cibc credit,CASH ADV/BT/CONV CHQ FEE,,5.0
2023-09-07,cibc chequing,Internet Banking E-TRANSFER 104700486088 david,403.33,
2023-09-07,cibc chequing,Internet Banking E-TRANSFER RECLAIM010803475843,,403.33
2023-09-07,td chequing,PODP FEE SEP/05/2023,5.0,
2023-09-07,cibc credit,"Amazon.ca Prime Member amazon.ca/pri, BC",,5.59
2023-09-08,cibc credit,"THRIFTY FOODS #9469 VICTORIA, BC",,1.21
2023-09-08,cibc credit,"WAL-MART SUPERCENTER#1214 VICTORIA, BC",,42.71
2023-09-11,cibc credit,"THRIFTY FOODS #9469 VICTORIA, BC",,25.05
2023-09-11,cibc credit,"CDN TIRE STORE #00365 VICTORIA, BC",,28.53
2023-09-11,cibc credit,"WAL-MART SUPERCENTER#1214 VICTORIA, BC",,9.42
2023-09-11,cibc credit,"UVIC FOOD SERVERY VICTORIA, BC",,9.96
2023-09-12,cibc credit,"AMZN Mktp CA*TR52M6Q40 WWW.AMAZON.CA, ON",,83.96
2023-09-13,cibc credit,"WAL-MART SUPERCENTER#1214 VICTORIA, BC",,62.27
2023-09-13,cibc chequing,Automated Banking Machine ATM WITHDRAWAL BAHRS PEOPLE DRUG MART 1D3O,400.0,
2023-09-13,cibc chequing,Internet Banking E-TRANSFER STOP SC104706930662,3.5,
2023-09-13,cibc chequing,Internet Banking E-TRANSFER STOP 104706930662,,408.33
2023-09-14,cibc credit,"THRIFTY FOODS #9469 VICTORIA, BC",,17.82
2023-09-14,cibc credit,"WAL-MART SUPERCENTER#1214 VICTORIA, BC",,15.44
2023-09-15,cibc chequing,Automated Banking Machine ATM WITHDRAWAL SHELBOURNE + MCKENZIE 1B02,530.0,
2023-09-18,td chequing,TD ATM DEP    001628,,120.0
2023-09-18,td chequing,WAL-MART #1214    _M,20.79,
2023-09-19,tdsavings,Transfer to savings,,0.5
2023-09-19,td chequing,Transfer to savings,0.5,
2023-09-21,td chequing,WALMART STORE #   _M,34.67,
2023-09-22,td chequing,THE ROOT CELLAR   _M,3.09,
2023-09-22,td chequing,THRIFTY FOODS #   _M,35.61,
2023-09-22,td chequing,Transfer to savings,0.5,
2023-09-22,tdsavings,Transfer to savings,,0.5
2023-09-25,td chequing,TD ATM DEP    002886,,962.84
2023-09-25,td chequing,SEND E-TFR ***DjF   ,900.0,
2023-09-25,td chequing,Transfer to savings,1.0,
2023-09-25,td chequing,Amazon.ca         _V,40.34,
2023-09-25,cibc chequing,Internet Banking INTERNET TRANSFER 000000220464,950.0,
2023-09-25,cibc chequing,Internet Banking E-TRANSFER 104718626028 KELLY OJUKWU,,900.0
2023-09-25,tdsavings,Transfer to savings,,1.0
2023-09-26,tdsavings,Transfer to savings,,0.5
2023-09-26,cibc credit,PAYMENT THANK YOU/PAIEMEN T MERCI,950.0,
2023-09-26,td chequing,Transfer to savings,0.5,
2023-09-28,td chequing,REAL CDN WHOLES   _M,14.38,
2023-09-29,tdsavings,Transfer to savings,,0.5
2023-09-29,td chequing,Transfer to savings,0.5,
2023-09-29,td chequing,OVERDRAFT INTEREST  ,0.16,
2023-09-29,cibc chequing,Branch Transaction SERVICE CHARGE DISCOUNT,,6.95
2023-09-29,cibc chequing,Branch Transaction SERVICE CHARGE ADD TXN$0.00;MONTHLY$6.95 RECORD-KEEPING N/A,6.95,
2023-10-03,cibc chequing,Automated Banking Machine ATM WITHDRAWAL BAHRS PEOPLE DRUG MART 1D3O,500.0,
2023-10-03,td chequing,Spotify       6.71_V,6.71,
2023-10-03,td chequing,SEND E-TFR ***SZY   ,100.0,
2023-10-03,td chequing,NMM TFR 327412733705,,131.8
2023-10-03,cibc credit,"AMZN Mktp CA WWW.AMAZON.CA, ON",78.39,
2023-10-03,cibc chequing,Internet Banking INTERNET TRANSFER 000000132639,100.0,
2023-10-03,cibc chequing,Internet Banking INTERNET TRANSFER 000000238633,,500.0
2023-10-03,cibc credit,"UBER* TRIP TORONTO, ON",,27.45
2023-10-03,cibc credit,"UBER CANADA/UBERTRIP TORONTO, ON",,6.96
2023-10-03,cibc credit,"WAL-MART SUPERCENTER#1214 VICTORIA, BC",,26.32
2023-10-03,cibc chequing,Internet Banking E-TRANSFER 104728485839 KELLY OJUKWU,,100.0
2023-10-04,cibc credit,CASH ADV/BT/CONV CHQ FEE,,5.0
2023-10-04,cibc credit,"BELLEVILLE'S WATERING VICTORIA, BC",,17.29
2023-10-04,cibc credit,PAYMENT THANK YOU/PAIEMEN T MERCI,100.0,
2023-10-04,td chequing,Transfer to savings,0.5,
2023-10-04,cibc credit,CASH ADVANCE/AVANCE DE FO NDS,,500.0
2023-10-04,cibc credit,CASH INTEREST,,8.03
2023-10-04,tdsavings,Transfer to savings,,0.5
2023-10-05,td chequing,Amazon Pri    7.49_V,10.68,
2023-10-06,cibc credit,"WAL-MART SUPERCENTER#1214 VICTORIA, BC",,31.49
2023-10-06,tdsavings,Transfer to savings,,0.5
2023-10-06,td chequing,Transfer to savings,0.5,
2023-10-10,cibc credit,"WAL-MART SUPERCENTER#1214 VICTORIA, BC",,50.18
2023-10-10,cibc credit,"Amazon.ca Prime Member amazon.ca/pri, BC",,5.59
2023-10-10,td chequing,TD ATM DEP    002291,,839.98
2023-10-10,td chequing,SEND E-TFR ***4sR   ,80.0,
2023-10-10,td chequing,SEND E-TFR ***x63   ,250.0,
2023-10-10,cibc credit,"THRIFTY FOODS #9469 VICTORIA, BC",,38.64
2023-10-10,td chequing,AMZN Mktp CA      _V,14.27,
2023-10-10,td chequing,AMZN Mktp CA      _V,110.82,
2023-10-10,td chequing,THRIFTY FOODS #   _M,42.18,
2023-10-10,cibc credit,"CDN TIRE STORE #00365 VICTORIA, BC",,45.9
2023-10-10,cibc credit,"BELLEVILLE'S WATERING VICTORIA, BC",,14.77
2023-10-10,td chequing,AMZN Mktp CA      _V,110.82,
2023-10-11,td chequing,Transfer to savings,2.0,
2023-10-11,td chequing,NMM TFR 328412230705,,6618.5
2023-10-11,td chequing,AMZN Mktp CA      _V,,110.82
2023-10-11,td chequing,TD ATM W/D    008018,925.0,
2023-10-11,tdsavings,Transfer to savings,,2.0
2023-10-12,tdsavings,Transfer to savings,,0.5
2023-10-12,td chequing,NMM TFR 328505878705,,6474.3
2023-10-12,td chequing,CANADA COMPUTER   _V,895.38,
2023-10-12,td chequing,Transfer to savings,0.5,
2023-10-13,tdsavings,Transfer to savings,,0.5
2023-10-13,td chequing,THE ROOT CELLAR   _M,1.06,
2023-10-13,td chequing,Transfer to savings,0.5,
2023-10-16,tdsavings,Transfer to savings,,0.5
2023-10-16,td chequing,AMZN Mktp CA      _V,72.77,
2023-10-16,td chequing,Transfer to savings,0.5,
2023-10-16,td chequing,CANADA COMPUTER   _V,1007.38,
2023-10-16,td chequing,SEND E-TFR ***AeJ   ,778.0,
2023-10-16,cibc credit,"WAL-MART SUPERCENTER#1214 VICTORIA, BC",,37.5
2023-10-16,cibc credit,"BELLEVILLE'S WATERING VICTORIA, BC",,6.82
2023-10-16,td chequing,UNI VIC TUIT J3Y5R9 ,6000.0,
2023-10-17,td chequing,Transfer to savings,1.0,
2023-10-17,tdsavings,Transfer to savings,,1.0
2023-10-23,td chequing,AMZN Mktp CA      _V,14.55,
2023-10-23,td chequing,BELLEVILLE'S WA   _M,6.82,
2023-10-23,cibc credit,"WAL-MART SUPERCENTER#1214 VICTORIA, BC",,52.62
2023-10-23,cibc credit,"THE HOME DEPOT #7055 VICTORIA, BC",,33.58
2023-10-24,cibc chequing,Internet Banking INTERNET TRANSFER 000000237240,24.0,
2023-10-24,td chequing,Transfer to savings,1.0,
2023-10-24,td chequing,SEND E-TFR ***xJ5   ,1000.0,
2023-10-24,tdsavings,Transfer to savings,,1.0
2023-10-24,cibc chequing,Internet Banking E-TRANSFER 104754131725 KELLY OJUKWU,,1000.0
2023-10-24,cibc chequing,Internet Banking INTERNET TRANSFER 000000237222,780.0,
2023-10-24,cibc credit,PRE-AUTHORIZED PAYMENT - THANK YOU,23.03,
2023-10-25,cibc credit,PAYMENT THANK YOU/PAIEMEN T MERCI,24.0,
2023-10-25,cibc credit,PAYMENT THANK YOU/PAIEMEN T MERCI,780.0,
2023-10-25,cibc credit,"THRIFTY FOODS #9469 VICTORIA, BC",,28.3
2023-10-25,cibc chequing,Electronic Funds Transfer PREAUTHORIZED DEBIT CIBC CARD PRODUCTS DIVISION,23.03,
2023-10-26,cibc chequing,Internet Banking INTERNET TRANSFER 000000235366,82.0,
2023-10-26,td chequing,Amazon.ca         _V,29.65,
2023-10-27,tdsavings,Transfer to savings,,0.5
2023-10-27,td chequing,Transfer to savings,0.5,
2023-10-27,cibc credit,PAYMENT THANK YOU/PAIEMEN T MERCI,82.0,
2023-10-27,cibc credit,"SHOPPERS DRUG MART #02 VICTORIA, BC",,5.59
2023-10-30,cibc credit,"WAL-MART SUPERCENTER#1214 VICTORIA, BC",,51.01
2023-10-30,cibc credit,"THRIFTY FOODS #9469 VICTORIA, BC",,27.3
2023-10-30,cibc credit,"THE HOME DEPOT #7055 VICTORIA, BC",,27.98
2023-10-30,td chequing,TD ATM DEP    002960,,994.94
2023-10-31,td chequing,SEND E-TFR ***MVN   ,816.0,
2023-10-31,td chequing,INTEREST CREDIT     ,,0.03
2023-10-31,cibc chequing,Branch Transaction SERVICE CHARGE ADD TXN$0.00;MONTHLY$6.95 RECORD-KEEPING N/A,6.95,
2023-10-31,td chequing,NMM TFR 330404946705,,216.0
2023-10-31,td chequing,SEND E-TFR ***vu8   ,216.0,
2023-10-31,cibc chequing,Branch Transaction SERVICE CHARGE DISCOUNT,,6.95
2023-11-01,cibc chequing,Internet Banking INTERNET TRANSFER 000000205364,6.69,
2023-11-01,td chequing,Spotify       6.71_V,6.71,
2023-11-02,cibc credit,PAYMENT THANK YOU/PAIEMEN T MERCI,6.69,
2023-11-02,td chequing,SEND E-TFR ***X4p   ,204.0,
2023-11-02,td chequing,CANADA COMPUTER   _V,,895.38
2023-11-02,td chequing,Transfer to savings,0.5,
2023-11-02,tdsavings,Transfer to savings,,0.5
2023-11-03,cibc credit,"Amazon.ca*7E5N31ES3 AMAZON.CA, ON",,13.42
2023-11-03,cibc credit,"Amazon.ca*PA4C950K3 AMAZON.CA, ON",,11.17
2023-11-03,cibc credit,CASH INTEREST,,5.32
2023-11-06,td chequing,UNI VIC TUIT W7R3Z6 ,2500.0,
2023-11-06,td chequing,BELLEVILLE'S WA   _M,8.6,
2023-11-06,td chequing,Amazon Pri    7.49_V,10.67,
2023-11-06,cibc credit,"BELLEVILLE'S WATERING VICTORIA, BC",,8.6
2023-11-06,cibc credit,"LONDON DRUGS 14 VICTORIA, BC",,22.1
2023-11-06,cibc credit,"AMZN Mktp CA*OZ28Q3PR3 WWW.AMAZON.CA, ON",,95.2
2023-11-06,cibc credit,"WAL-MART SUPERCENTER#1214 VICTORIA, BC",,53.37
2023-11-07,cibc credit,"THE ROOT CELLAR VICTORIA, BC",,3.38
2023-11-07,td chequing,Transfer to savings,1.0,
2023-11-07,cibc credit,"Amazon.ca Prime Member amazon.ca/pri, BC",,5.59
2023-11-07,cibc credit,"BELLEVILLE'S WATERING VICTORIA, BC",,15.02
2023-11-07,tdsavings,Transfer to savings,,1.0
2023-11-08,cibc credit,"Islamic Relief Canada BURLINGTON, ON",,15.0
2023-11-08,cibc credit,"AMZN Mktp US*GM07Q1CP3 Amzn.com/bill, ON",,23.95
2023-11-09,cibc credit,"WAL-MART SUPERCENTER#3109 VICTORIA, BC",,63.42
2023-11-10,cibc credit,"UVIC BOOKSTORE VICTORIA, BC",,6.67
2023-11-10,cibc credit,"UVIC BOOKSTORE VICTORIA, BC",,4.99
2023-11-10,cibc credit,"THRIFTY FOODS #9469 VICTORIA, BC",,17.17
2023-11-14,cibc credit,"THRIFTY FOODS #9469 VICTORIA, BC",,6.81
2023-11-14,cibc credit,"BELLEVILLE'S WATERING VICTORIA, BC",,8.6
2023-11-14,cibc credit,"BELLEVILLE'S WATERING VICTORIA, BC",,8.96
2023-11-14,cibc credit,"Amazon.ca*471RO8BO3 AMAZON.CA, ON",,64.64
2023-11-14,cibc credit,"WAL-MART SUPERCENTER#1214 VICTORIA, BC",,50.27
2023-11-14,td chequing,SEND E-TFR ***XXk   ,88.0,
2023-11-15,cibc credit,"THRIFTY FOODS #9469 VICTORIA, BC",,14.99
2023-11-16,cibc credit,"SAVE ON FOODS #921 VICTORIA, BC",,33.88
2023-11-17,cibc credit,"GAP.COM 4584 800-427-7895, ON",,74.14
2023-11-20,td chequing,TD ATM DEP    006064,,1161.09
2023-11-20,cibc credit,"BELLEVILLE'S WATERING VICTORIA, BC",,15.02
2023-11-20,cibc credit,"THE ROOT CELLAR VICTORIA, BC",,30.8
2023-11-20,cibc credit,"CDN TIRE STORE #00365 VICTORIA, BC",,51.81
2023-11-20,cibc credit,"THRIFTY FOODS #9469 VICTORIA, BC",,28.64
2023-11-20,cibc credit,"BELLEVILLE'S WATERING VICTORIA, BC",,5.5
2023-11-21,td chequing,SEND E-TFR ***8uB   ,1200.0,
2023-11-21,cibc chequing,Internet Banking INTERNET TRANSFER 000000221606,800.0,
2023-11-21,cibc chequing,Internet Banking E-TRANSFER 104786623150 KELLY OJUKWU,,1200.0
2023-11-22,cibc credit,"AMZN Mktp US*F60F57UA3 Amzn.com/bill, ON",,281.66
2023-11-22,cibc credit,PAYMENT THANK YOU/PAIEMEN T MERCI,800.0,
2023-11-23,cibc chequing,Internet Banking INTERNET TRANSFER 000000213083,400.0,
2023-11-23,cibc credit,"THRIFTY FOODS #9469 VICTORIA, BC",,30.52
2023-11-23,cibc credit,"THRIFTY FOODS #9469 VICTORIA, BC",,5.27
2023-11-24,cibc credit,PAYMENT THANK YOU/PAIEMEN T MERCI,400.0,
2023-11-27,td chequing,TD ATM DEP    007967,,599.92
2023-11-27,cibc credit,"BELLEVILLE'S WATERING VICTORIA, BC",,8.6
2023-11-27,cibc credit,"BELLEVILLE'S WATERING VICTORIA, BC",,15.02
2023-11-27,td chequing,Amazon.ca         _V,29.65,
2023-11-28,td chequing,Transfer to savings,0.5,
2023-11-28,tdsavings,Transfer to savings,,0.5
2023-11-29,td chequing,NMM TFR 333307377705,,330.33
2023-11-30,cibc chequing,Branch Transaction SERVICE CHARGE ADD TXN$0.00;MONTHLY$6.95 RECORD-KEEPING N/A,6.95,
2023-11-30,cibc chequing,Branch Transaction SERVICE CHARGE DISCOUNT,,6.95
2023-11-30,cibc credit,"WAL-MART SUPERCENTER#1214 VICTORIA, BC",,38.54
2023-11-30,td chequing,INTEREST CREDIT     ,,0.01
2023-12-01,td chequing,Spotify       6.71_V,6.71,
2023-12-01,td chequing,SEND E-TFR ***MXb   ,816.66,
2023-12-04,tdsavings,Transfer to savings,,0.5
2023-12-04,cibc credit,"WALMART.CA MISSISSAUGA, ON",,36.93
2023-12-04,td chequing,SEND E-TFR ***dZw   ,22.4,
2023-12-04,td chequing,Transfer to savings,0.5,
2023-12-05,td chequing,Amazon Pri    7.49_V,10.52,
2023-12-05,cibc credit,CASHBACK/REMISE EN ARGENT,30.17,
2023-12-06,tdsavings,Transfer to savings,,0.5
2023-12-06,td chequing,Transfer to savings,0.5,
2023-12-06,cibc credit,"THRIFTY FOODS #9469 VICTORIA, BC",,59.5
2023-12-07,cibc credit,"THE ROOT CELLAR VICTORIA, BC",,38.9
2023-12-07,cibc credit,"WAL-MART SUPERCENTER#1214 VICTORIA, BC",,56.68
2023-12-07,cibc credit,"Amazon.ca Prime Member amazon.ca/pri, BC",,5.59
2023-12-11,cibc credit,"AMZN Mktp CA*NM9K01I73 WWW.AMAZON.CA, ON",,32.32
2023-12-11,cibc credit,"THRIFTY FOODS #9469 VICTORIA, BC",,9.11
2023-12-12,cibc credit,"UVIC BOOKSTORE VICTORIA, BC",,4.43
2023-12-13,td chequing,TD ATM DEP    002899,,844.41
2023-12-14,cibc credit,"THRIFTY FOODS #9469 VICTORIA, BC",,27.25
2023-12-15,cibc chequing,Point of Sale - Visa Debit VISA DEBIT RETAIL PURCHASE AMZN Mktp CA 334932426786,14.5,
2023-12-15,cibc credit,"WAL-MART SUPERCENTER#1214 VICTORIA, BC",,32.64
2023-12-18,td chequing,SEND E-TFR ***5JT   ,65.0,
2023-12-18,cibc chequing,Point of Sale - Visa Debit INTL VISA DEB RETAIL PURCHASE Amazon.ca 335041136023 22.39 CAD @ 1.000000,22.39,
2023-12-18,cibc credit,"BELLEVILLE'S WATERING VICTORIA, BC",,6.43
2023-12-18,td chequing,SEND E-TFR ***cJ9   ,16.0,
2023-12-19,cibc credit,"THE ROOT CELLAR VICTORIA, BC",,18.67
2023-12-19,cibc credit,"BELLEVILLE'S WATERING VICTORIA, BC",,6.43
2023-12-20,td chequing,BCF-SWB SELF SE   _M,19.2,
2023-12-21,td chequing,Transfer to savings,0.5,
2023-12-21,tdsavings,Transfer to savings,,0.5
2023-12-21,cibc credit,"UBER CANADA/UBERTRIP TORONTO, ON",,14.01
2023-12-21,cibc credit,"COMPASS VENDING BURNABY, BC",,11.25
2023-12-21,cibc credit,"BCF-TSA SELF SERVE TICKET DELTA, BC",,19.2
2023-12-21,cibc credit,"THRIFTY FOODS #9469 VICTORIA, BC",,106.81
2023-12-21,cibc credit,"UBER CANADA/UBERTRIP TORONTO, ON",,29.61
2023-12-21,cibc credit,"UBER CANADA/UBERTRIP TORONTO, ON",,56.05
2023-12-21,cibc credit,"UBER CANADA/UBERTRIP TORONTO, ON",,5.92
2023-12-22,cibc credit,"MCDONALD'S #7265 DELTA, BC",,13.61
2023-12-22,td chequing,SEND E-TFR ***TVG   ,400.0,
2023-12-22,td chequing,SEND E-TFR ***F8A   ,500.0,
2023-12-27,cibc credit,Shop 9/ Lounge 2 AV Schiphol A 24.95 EUR @ 1.501402,,37.46
2023-12-27,cibc credit,Fashion Shop c. Schiphol Airp,,95.31
2023-12-27,cibc chequing,Internet Banking INTERNET TRANSFER 000000102625,700.0,
2023-12-27,cibc chequing,Internet Banking E-TRANSFER 104825202879 KELLY OJUKWU,,500.0
2023-12-27,cibc chequing,Internet Banking INTERNET TRANSFER 000000114396,485.6,
2023-12-27,cibc chequing,Internet Banking E-TRANSFER 104825206212 KELLY OJUKWU,,400.0
2023-12-27,td chequing,SEND E-TFR ***tQH   ,50.0,
2023-12-27,cibc credit,"COMPASS VENDING BURNABY, BC",,11.25
2023-12-27,td chequing,UBER CANADA/UBE   _V,28.29,
2023-12-27,td chequing,GC 0293-DEPOSIT     ,,984.1
2023-12-27,td chequing,SEND E-TFR ***tgT   ,700.0,
2023-12-27,td chequing,SEND E-TFR ***jqQ   ,50.0,
2023-12-27,cibc chequing,Internet Banking INTERNET TRANSFER 000000220865,400.0,
2023-12-27,cibc credit,"UBER* TRIP TORONTO, ON",,23.81
2023-12-27,cibc chequing,Internet Banking E-TRANSFER 104828584452 KELLY OJUKWU,,700.0
2023-12-27,cibc credit,"UBER CANADA/UBERTRIP TORONTO, ON",,5.51
2023-12-27,cibc credit,"BEST BUY MOBILE #239 VICTORIA, BC",,96.58
2023-12-27,cibc credit,"EXPEDIA 72719069319455 EXPEDIA.CA, ON",,73.58
2023-12-27,cibc credit,"BCF-SWB SELF SERVE TICKET SIDNEY, BC",,19.2
2023-12-27,cibc credit,"BCF - VANIS, SPIRIT OF VICTORIA, BC",,5.76
2023-12-27,cibc credit,PAYMENT THANK YOU/PAIEMEN T MERCI,400.0,
2023-12-27,cibc credit,"UBER* TRIP TORONTO, ON",,5.95
2023-12-27,cibc credit,"AIR CAN* 0144257808571 AIRCANADA.COM, MB",,105.0
2023-12-27,cibc credit,"BEST BUY #945 CALGARY, AB",,315.83
2023-12-27,cibc credit,"CALGARY DUTY FREE CACI CALGARY, AB",,15.5
2023-12-27,cibc credit,"3716-CLGY RELAY POST I CALGARY, AB",,3.0
2023-12-27,cibc credit,"A&W # 1577 CALGARY, AB",,14.05
2023-12-27,cibc credit,PAYMENT THANK YOU/PAIEMEN T MERCI,485.6,
2023-12-27,cibc credit,"UBER CANADA/UBERTRIP TORONTO, ON",,9.2
2023-12-27,cibc credit,"UBER CANADA/UBERTRIP TORONTO, ON",,15.0
2023-12-27,cibc credit,"UBER CANADA/UBERTRIP TORONTO, ON",,27.59
2023-12-28,tdsavings,Transfer to savings,,0.5
2023-12-28,cibc chequing,Internet Banking E-TRANSFER 104829711774 KELLY OJUKWU,,50.0
2023-12-28,cibc chequing,Internet Banking INTERNET TRANSFER 000000230529,62.57,
2023-12-28,cibc chequing,Internet Banking INTERNET TRANSFER 000000104770,100.0,
2023-12-28,cibc chequing,Branch Transaction PAY PER USE OVERDRAFT FEE,5.0,
2023-12-28,cibc credit,PAYMENT THANK YOU/PAIEMEN T MERCI,700.0,
2023-12-28,cibc credit,"AMZN Mktp US*T482B1AJ0 Amzn.com/bill, ON",,114.67
2023-12-28,td chequing,Transfer to savings,0.5,
2023-12-29,cibc credit,PAYMENT THANK YOU/PAIEMEN T MERCI,100.0,
2023-12-29,cibc chequing,Branch Transaction OVERDRAFT INTEREST CHARGE,0.13,
2023-12-29,td chequing,INTEREST CREDIT     ,,0.01
2023-12-29,cibc credit,PAYMENT THANK YOU/PAIEMEN T MERCI,62.57,
2023-12-29,cibc chequing,Branch Transaction SERVICE CHARGE DISCOUNT,,6.95
2023-12-29,cibc chequing,Branch Transaction SERVICE CHARGE ADD TXN$0.00;MONTHLY$6.95 RECORD-KEEPING N/A,6.95,
2024-01-02,cibc credit,RELAY 352633SV 4067449 95352633RELAY 15.99 EUR @ 1.505941,,24.08
2024-01-02,td chequing,SEND E-TFR ***Xju   ,816.0,
2024-01-02,td chequing,NMM TFR 400202678705,,5279.98
2024-01-02,td chequing,UNI VIC TUIT U8J5W4 ,5369.78,
2024-01-02,td chequing,HILTON GARDEN I   _M,2.26,
2024-01-02,cibc credit,PRET A MANGER 2961825 TREMBL302154/ 8.30 EUR @ 1.504819,,12.49
2024-01-02,cibc chequing,Branch Transaction WITHDRAWAL IBB RIDEAU & SUSSEX BANKING CENTRE,20.0,
2024-01-02,cibc chequing,Branch Transaction PAY PER USE OVERDRAFT FEE,5.0,
2024-01-03,cibc credit,"PRICELN*HILTON GARDEN 203-299-8000, CT 99.74 USD @ 1.360236",,135.67
2024-01-03,td chequing,Transfer to savings,0.5,
2024-01-03,cibc credit,"OCT*E5Z2R2Z2DRQ73W OTTAWA, ON",,3.8
2024-01-03,tdsavings,Transfer to savings,,0.5
2024-01-03,cibc credit,"FIVE GUYS TRAINYARDS ONLI OTTAWA, ON",,20.71
2024-01-04,cibc credit,"YYZ KENSINGTON MARKET MISSISSAUGA, ON",,4.84
2024-01-04,cibc credit,"OCT*NZ3QYVW1KO8W8V OTTAWA, ON",,3.8
2024-01-04,cibc credit,"3794 OTTW LOCKS/MAISON OTTAWA, ON",,3.79
2024-01-04,cibc credit,CREDIT ADJUSTMENT,0.9,
2024-01-05,cibc credit,"THE ROOT CELLAR VICTORIA, BC",,14.64
2024-01-05,cibc credit,"YYZ KENSINGTON MARKET 1E MISSISSAUGA, ON",,12.42
2024-01-05,td chequing,THRIFTY FOODS #   _M,17.94,
2024-01-05,cibc credit,"YOW TIM HORTONS PRE SECUR OTTAWA, ON",,5.12
2024-01-05,cibc credit,AGODA-B Internet,,134.43
2024-01-05,cibc credit,"WAL-MART SUPERCENTER#3131 OTTAWA, ON",,16.86
2024-01-05,cibc credit,"AIR CAN* 0142187033835 AIRCANADA.COM, MB",,797.92
2024-01-05,td chequing,REXALL PHARMACY   _M,15.21,
2024-01-05,cibc credit,"HILTON GARDEN INN OTTAWA GLOUCESTER, ON",,2.83
2024-01-08,tdsavings,Transfer to savings,,1.0
2024-01-08,td chequing,Spotify       6.71_V,6.71,
2024-01-08,td chequing,BELLEVILLE'S WA   _F,6.54,
2024-01-08,td chequing,Transfer to savings,1.0,
2024-01-08,td chequing,SEND E-TFR ***2az   ,22.4,
2024-01-08,td chequing,TD ATM DEP    004406,,273.89
2024-01-08,cibc credit,"WAL-MART SUPERCENTER#3109 VICTORIA, BC",,16.07
2024-01-08,cibc credit,"AIR CAN* 0144257144540 AIRCANADA.COM, MB",,33.9
2024-01-08,cibc credit,"Amazon Prime*TK76D3780 Amzn.com/bill, WA 7.49 USD @ 1.373831",,10.29
2024-01-08,cibc credit,"Amazon.ca Prime Member amazon.ca/pri, BC",,5.59
2024-01-09,tdsavings,Transfer to savings,,1.0
2024-01-09,td chequing,SEND E-TFR ***jhP   ,274.0,
2024-01-09,td chequing,Transfer to savings,1.0,
2024-01-10,cibc chequing,Internet Banking INTERNET TRANSFER 000000103528,190.0,
2024-01-10,cibc chequing,Internet Banking E-TRANSFER 104844712641 KELLY OJUKWU,,274.0
2024-01-10,cibc credit,"Amazon Prime Amzn.com/bill, WA -7.49 USD @ 1.300400",9.74,
2024-01-11,cibc credit,PAYMENT THANK YOU/PAIEMEN T MERCI,190.0,
2024-01-15,cibc credit,"Amazon.ca www.amazon.ca, ON",,26.82
2024-01-15,cibc credit,"BELLEVILLE'S WATERING VICTORIA, BC",,11.05
2024-01-15,cibc credit,"WAL-MART SUPERCENTER#1214 VICTORIA, BC",,47.3
2024-01-15,cibc credit,"THRIFTY FOODS #9469 VICTORIA, BC",,8.49
2024-01-16,cibc credit,"THE HOME DEPOT #7055 VICTORIA, BC",,22.38
2024-01-16,cibc credit,"UVIC BOOKSTORE VICTORIA, BC",,33.55
2024-01-17,cibc credit,"Amazon.ca www.amazon.ca, ON",26.82,
2024-01-18,cibc credit,"WAL-MART SUPERCENTER#1214 VICTORIA, BC",,27.35
2024-01-19,cibc credit,"WAL-MART SUPERCENTER#1214 VICTORIA, BC",,21.57
2024-01-22,cibc chequing,Internet Banking INTERNET TRANSFER 000000223747,30.0,
2024-01-22,td chequing,SEND E-TFR ***QXB   ,30.0,
2024-01-22,td chequing,TD ATM DEP    008254,,35.0
2024-01-22,cibc credit,"BELLEVILLE'S WATERING VICTORIA, BC",,6.32
2024-01-22,cibc chequing,Internet Banking E-TRANSFER 104858174459 KELLY OJUKWU,,30.0
2024-01-23,cibc credit,"BLUEBIRD CABS VICTORIA, BC",,22.48
2024-01-23,cibc credit,PAYMENT THANK YOU/PAIEMEN T MERCI,30.0,
2024-01-24,td chequing,CACONNECT RYAN    _M,4.67,
2024-01-24,cibc credit,PAYMENT THANK YOU/PAIEMEN T MERCI,70.0,
2024-01-24,td chequing,NMM TFR 402404729705,,883.75
2024-01-24,td chequing,SEND E-TFR ***U8A   ,884.0,
2024-01-25,tdsavings,Transfer to savings,,0.5
2024-01-25,cibc chequing,Internet Banking E-TRANSFER 104860902607 KELLY OJUKWU,,884.0
2024-01-25,td chequing,Transfer to savings,0.5,
2024-01-25,cibc credit,"THE HOME DEPOT #7055 VICTORIA, BC",,10.23
2024-01-25,cibc credit,"AMAZON* 701-7605259-74 DOWNTOWN TORO, ON",,11.99
2024-01-25,cibc chequing,Internet Banking INTERNET TRANSFER 000000212881,884.0,
2024-01-26,td chequing,SEND E-TFR ***sYA   ,612.0,
2024-01-26,td chequing,TD ATM DEP    006839,,613.05
2024-01-26,cibc credit,PAYMENT THANK YOU/PAIEMEN T MERCI,884.0,
2024-01-26,cibc credit,"SAVE ON FOODS VICTORIA, BC",,19.99
2024-01-26,cibc chequing,Internet Banking E-TRANSFER 104862274546 KELLY OJUKWU,,612.0
2024-01-26,cibc chequing,Internet Banking INTERNET TRANSFER 000000221787,193.0,
2024-01-29,cibc credit,PAYMENT THANK YOU/PAIEMEN T MERCI,193.0,
2024-01-29,cibc credit,"THRIFTY FOODS #9469 VICTORIA, BC",,73.26
2024-01-29,cibc credit,"WAL-MART SUPERCENTER#1214 VICTORIA, BC",,39.37
2024-01-29,cibc credit,"Amazon.ca www.amazon.ca, ON",,36.27
2024-01-31,cibc credit,"COMPASS VENDING BURNABY, BC",,11.25
2024-01-31,cibc credit,"BCF-TSA SELF SERVE TICKET DELTA, BC",,19.2
2024-01-31,cibc credit,"BCF-SWB SELF SERVE TICKET SIDNEY, BC",,19.2
2024-01-31,cibc chequing,Branch Transaction OVERDRAFT INTEREST CHARGE,0.4,
2024-01-31,cibc credit,"SNB FERRY CAFE DELTA, BC",,5.37
2024-01-31,cibc chequing,Branch Transaction SERVICE CHARGE DISCOUNT,,6.95
2024-01-31,cibc chequing,Branch Transaction SERVICE CHARGE ADD TXN$0.00;MONTHLY$6.95 RECORD-KEEPING N/A,6.95,
2024-01-31,cibc credit,"BCF - COASTAL INSPIRATION VICTORIA, BC",,5.97
2024-02-01,td chequing,Spotify       6.71_V,6.71,
2024-02-01,cibc credit,"COMPASS ACCOUNT BURNABY, BC",,3.15
2024-02-02,cibc chequing,Internet Banking INTERNET TRANSFER 000000213557,,394.0
2024-02-02,cibc chequing,Internet Banking E-TRANSFER 104871236930 Devinder Landlady,816.0,
2024-02-05,cibc credit,"BELLEVILLE'S WATERING VICTORIA, BC",,2.98
2024-02-05,cibc credit,CASH ADVANCE/AVANCE DE FO NDS,,394.0
2024-02-05,cibc credit,"THRIFTY FOODS #9469 VICTORIA, BC",,42.87
2024-02-05,td chequing,PODP FEE FEB/01/2024,5.0,
2024-02-05,cibc credit,CASH ADV/BT/CONV CHQ FEE,,5.0
